county,apn,acres,alim_yil,alim_ay,alim_fiyat,satim_yil,satim_ay,satim_fiyat,carpan,ay_fark
Brevard,29 3716-GP-748-24,0.230,2024,07,25000,2025,04,293000,11.72,9
Brevard,29 3601-25-1080-25,0.240,2024,09,31000,2025,03,301000,9.71,6
Brevard,25 3623-00-525,0.640,2024,01,5000,2024,03,48500,9.70,2
Charlotte,422329180001,0.217,2024,06,37000,2025,04,334000,9.03,10
Charlotte,422329458005,0.216,2024,02,38500,2025,05,325000,8.44,15
Charlotte,422329327001,0.219,2024,02,42000,2025,04,334000,7.95,14
Charlotte,422329411007,0.249,2024,12,42000,2025,04,327000,7.79,4
Charlotte,422329276005,0.218,2024,08,39300,2025,05,305000,7.76,9
Alachua,01874-201-215,0.130,2024,02,59100,2024,06,401900,6.80,4
Brevard,29 3625-KJ-1416-22,0.250,2024,06,6000,2024,12,40000,6.67,6
Charlotte,422329482001,0.255,2024,08,47000,2025,06,293000,6.23,10
Brevard,24 3508-01-8-10,4.550,2024,04,5700,2024,06,35000,6.14,2
Brevard,29 3706-GK-407-3,0.240,2024,02,9000,2024,05,52000,5.78,3
Bay,05031010000,55.000,2024,01,110000,2024,12,625000,5.68,11
Charlotte,422329126001,0.220,2024,09,50000,2025,06,270000,5.40,9
Brevard,29 3626-KS-2583-9,0.230,2024,06,5300,2025,01,28000,5.28,7
Alachua,03980-022-262,0.170,2024,05,75000,2024,10,395400,5.27,5
Brevard,29 3717-GP-763-16,0.230,2024,03,8000,2024,09,40000,5.00,6
Brevard,29 3721-GR-940-25,0.280,2024,01,6200,2024,03,31000,5.00,2
Citrus,18E17S19      1A000 1040,2.625,2025,02,53000,2025,05,255000,4.81,3
Citrus,18E17S19      1A000 1050,2.624,2025,02,53000,2025,05,255000,4.81,3
Brevard,20 3531-00-254,3.490,2024,04,30000,2024,07,140000,4.67,3
Broward,504205131330,0.138,2024,01,125000,2025,04,570000,4.56,15
Bay,07958015000,0.519,2024,12,70000,2025,05,285000,4.07,5
Brevard,29 3623-KV-2901-9,0.230,2024,01,4000,2024,05,16000,4.00,4
Alachua,06677-030-233,0.210,2024,03,116000,2024,05,459900,3.96,2
Brevard,28 3734-FT-87-6,0.240,2024,05,10000,2024,06,38900,3.89,1
Charlotte,422319426084,0.188,2024,08,93000,2025,03,360000,3.87,7
Alachua,18466-060-000,1.010,2024,02,11700,2024,04,44900,3.84,2
Brevard,29 3635-KS-2533-29,0.230,2024,06,6000,2024,07,21500,3.58,1
Brevard,29 3626-KS-2579-12,0.230,2024,06,6000,2024,09,21500,3.58,3
Brevard,29 3626-KS-2591-15,0.270,2024,06,6000,2024,07,21500,3.58,1
Brevard,29 3635-KS-2532-16,0.270,2024,06,6000,2024,07,21500,3.58,1
Alachua,01038-000-000,0.340,2024,03,12000,2024,05,42000,3.50,2
Charlotte,412214376006,0.242,2024,01,300000,2025,05,1040000,3.47,16
Brevard,29 3732-GU-1161-19,0.230,2024,02,10000,2024,04,34000,3.40,2
Brevard,29 3623-KS-2614-12,0.230,2024,06,6000,2024,08,20000,3.33,2
Alachua,06951-010-063,0.137,2024,04,128800,2024,11,417000,3.24,7
Brevard,24 3520-01-3-6,1.010,2024,08,10000,2024,12,32000,3.20,4
Bay,14948010000,0.414,2024,12,12000,2025,05,37000,3.08,5
Bay,04987010000,4.400,2024,02,28000,2025,01,85000,3.04,11
Citrus,18E20S130020  02110 0080,0.275,2024,02,9000,2024,06,26000,2.89,4
Bay,02122000000,0.000,2024,07,2800,2025,04,8000,2.86,9
Brevard,29 3716-GP-776-11,0.240,2024,10,15000,2025,02,42000,2.80,4
Brevard,29 3731-GV-1300-23,0.230,2024,06,12400,2024,07,34000,2.74,1
Brevard,28 3627-KN-1789-18,0.230,2024,09,20000,2024,12,54000,2.70,3
Bradford,04678000400,2.680,2024,02,15000,2024,03,40000,2.67,1
Brevard,29 3728-KQ-2016-17,0.270,2024,02,20000,2024,06,53000,2.65,4
Brevard,20G3413-AI-8-1,9.150,2024,06,54500,2024,07,140000,2.57,1
Broward,494236020810,0.274,2024,05,1385000,2025,03,3525000,2.55,10
Citrus,18E17S320030  02790 0010,1.063,2024,10,23000,2025,01,55000,2.39,3
Brevard,20 3532-00-519,1.280,2024,04,15000,2024,10,34900,2.33,6
Citrus,18E17S100050  05210 0020,0.230,2024,10,7000,2024,11,16000,2.29,1
Charlotte,402301381007,0.340,2024,09,14500,2024,10,32900,2.27,1
Bay,03284000000,10.000,2024,04,32500,2024,09,72500,2.23,5
Charlotte,422311328002,0.271,2025,02,10500,2025,05,23000,2.19,3
Citrus,18E17S100270  13800 0060,0.255,2024,02,11000,2024,11,24000,2.18,9
Brevard,28 3621-KO-2275-21,0.230,2024,05,20000,2024,06,42800,2.14,1
Citrus,18E17S100010  00400 0300,0.230,2024,06,11000,2024,09,23500,2.14,3
Alachua,17551-021-000,6.470,2024,05,30000,2024,10,64000,2.13,5
Bay,18696000000,0.123,2024,01,9400,2024,04,20000,2.13,3
Brevard,29 3720-GQ-854-1,0.270,2024,10,17000,2024,11,36000,2.12,1
Citrus,18E17S100030  02050 0090,0.236,2024,03,11000,2024,09,23000,2.09,6
Brevard,29 3707-GN-517-26,0.240,2024,01,25000,2024,08,52000,2.08,7
Brevard,29 3636-KJ-1457-19,0.230,2024,05,18000,2024,07,37000,2.06,2
Calhoun,101N11000000070000,10.000,2024,02,28000,2024,08,57000,2.04,6
Brevard,24 3517-01-12.A-10,1.150,2024,10,13700,2025,01,27500,2.01,3
Bay,05288652010,1.033,2024,10,15000,2025,01,30000,2.00,3
Bay,15443010000,2.278,2024,04,65000,2024,07,130000,2.00,3
Citrus,18E18S160130        0180,0.564,2024,01,27000,2025,03,54000,2.00,14
Citrus,18E18S27001A        2090,1.000,2024,09,23000,2025,05,46000,2.00,8
Brevard,29 3716-GP-796-2,0.230,2024,08,20000,2024,10,39900,2.00,2
Bay,14686000000,0.309,2024,10,60000,2025,06,117500,1.96,8
Bay,01155030000,4.580,2024,03,20000,2024,05,39000,1.95,2
Brevard,29 3603-KL-1731-8,0.230,2024,09,20000,2024,10,39000,1.95,1
Brevard,22 3509-BL-12-25,0.390,2024,08,18000,2025,01,35000,1.94,5
Charlotte,402301252013,0.230,2024,03,14300,2024,12,27500,1.92,9
Citrus,18E17S320030  03120 0030,1.181,2025,02,25000,2025,05,48000,1.92,3
Brevard,29 3622-KV-2954-9,0.230,2024,09,7300,2024,11,14000,1.92,2
Bay,08415005062,0.516,2024,07,22000,2024,12,42000,1.91,5
Brevard,29 3626-KS-2568-14,0.230,2024,04,11000,2024,05,21000,1.91,1
Citrus,18E17S100100  08390 0060,0.542,2024,01,18500,2025,05,35000,1.89,16
Broward,514221090530,0.045,2024,01,26500,2024,03,50000,1.89,2
Citrus,18E17S100210  14150 0080,0.230,2024,03,11000,2024,05,20700,1.88,2
Bradford,06230F02200,0.000,2024,08,25000,2024,09,47000,1.88,1
Brevard,29 3623-KS-2617-2,0.230,2024,02,29500,2024,04,55000,1.86,2
Bay,00726000000,20.000,2024,06,27000,2024,12,50000,1.85,6
Bay,00727000000,20.000,2025,03,40000,2025,04,73000,1.82,1
Calhoun,331N110900000A0200,2.429,2024,03,11000,2024,08,20000,1.82,5
Brevard,29 3602-GI-990-2,0.230,2024,01,33500,2024,11,60000,1.79,10
Brevard,29 3602-GI-990-3,0.240,2024,01,33500,2024,11,60000,1.79,10
Charlotte,412133177008,0.186,2024,07,14000,2025,03,25000,1.79,8
Broward,504201090280,0.455,2024,07,6000000,2025,01,10675000,1.78,6
Brevard,29 3601-25-1066-9,0.230,2024,02,34000,2024,11,60000,1.76,9
Citrus,18E20S130010  00720 0070,0.311,2024,01,17000,2025,02,29900,1.76,13
Brevard,29 3602-GI-1041-39,0.230,2024,08,17100,2024,12,30000,1.75,4
Charlotte,402113428015,0.313,2024,05,16000,2024,06,28000,1.75,1
Citrus,18E17S100020  01410 0180,0.210,2024,08,14000,2024,10,24500,1.75,2
Brevard,29 3733-GT-1116-13,0.240,2024,01,31500,2024,03,55000,1.75,2
Citrus,18E17S100030  02520 0070,0.269,2024,07,11500,2024,08,20000,1.74,1
Charlotte,402224260011,0.284,2024,10,15000,2024,11,26000,1.73,1
Brevard,29 3706-GK-412-11,0.230,2024,03,22000,2024,06,38000,1.73,3
Brevard,29 3709-GO-698-6,0.230,2024,09,28500,2025,04,49000,1.72,7
Bay,36114000000,0.122,2024,03,140000,2024,04,240000,1.71,1
Brevard,29 3706-GK-406-8,0.230,2024,03,32000,2024,06,54000,1.69,3
Bay,07399450000,1.033,2024,03,19000,2024,04,32000,1.68,1
Charlotte,412106357008,0.230,2024,04,28000,2024,05,47000,1.68,1
Bay,25564000000,0.307,2024,03,36000,2024,05,60000,1.67,2
Bay,02958000000,0.000,2024,01,3000,2024,05,5000,1.67,4
Citrus,17E19S360270        0320,2.323,2024,06,30000,2024,07,50000,1.67,1
Citrus,18E17S100010  00180 0010,0.340,2024,09,15000,2024,10,25000,1.67,1
Brevard,29 3602-GI-1025-11,0.270,2024,02,30500,2024,08,50500,1.66,6
Brevard,29 3732-GU-1223-10,0.240,2024,02,33500,2024,03,55000,1.64,1
Brevard,29 3610-KL-1744-4,0.230,2024,05,18000,2025,02,29500,1.64,9
Citrus,18E17S100210  15000 0180,0.651,2024,05,17500,2025,02,28500,1.63,9
Citrus,18E17S100030  02820 0080,0.230,2024,08,13500,2024,10,21900,1.62,2
Brevard,29 3602-GI-1029-1,0.290,2024,03,34000,2024,06,55000,1.62,3
Brevard,29 3728-KQ-2066-10,0.250,2024,06,30000,2024,10,48500,1.62,4
Citrus,18E17S100200  13450 0060,0.258,2024,07,12000,2024,08,19400,1.62,1
Charlotte,412130204007,0.200,2024,01,13000,2024,04,20900,1.61,3
Brevard,28 3602-75-2-24,0.340,2024,11,25000,2025,04,40000,1.60,5
Bay,02450070000,1.000,2024,03,8200,2024,06,13000,1.59,3
Brevard,29 3729-GU-1156-11,0.230,2024,03,35000,2024,06,55000,1.57,3
Brevard,29 3625-KJ-1412-1,0.240,2024,03,35000,2024,06,55000,1.57,3
Charlotte,412106152016,0.307,2024,08,21000,2024,09,33000,1.57,1
Citrus,17E18S360090  000D0 0010,0.288,2024,02,14000,2024,04,22000,1.57,2
Citrus,18E17S100210  15070 0090,0.478,2024,10,15000,2025,05,23500,1.57,7
Citrus,18E17S100270  14690 0150,0.230,2024,04,15000,2025,02,23500,1.57,10
Charlotte,412132207007,0.172,2024,10,16000,2025,03,25000,1.56,5
Charlotte,422105452008,0.184,2024,03,16000,2024,11,25000,1.56,8
Charlotte,402116407005,0.230,2024,09,8000,2025,02,12500,1.56,5
Brevard,29 3729-GS-884-32,0.230,2024,02,38500,2024,11,60000,1.56,9
Bay,01128110000,11.100,2024,08,38000,2024,09,59000,1.55,1
Charlotte,422310307012,0.220,2024,04,10000,2024,05,15500,1.55,1
Citrus,18E17S320030  03060 0200,1.029,2024,09,40000,2025,01,62000,1.55,4
Citrus,18E17S100100  08360 0540,0.326,2024,02,12000,2024,05,18600,1.55,3
Alachua,17028-000-000,10.120,2024,10,45500,2024,11,70500,1.55,1
Brevard,28 3626-KR-2506-24,0.230,2024,04,33000,2024,06,50500,1.53,2
Charlotte,412313277003,0.625,2024,01,20600,2024,04,31500,1.53,3
Brevard,29 3730-GV-1342-2,0.240,2024,07,25000,2024,08,38000,1.52,1
Citrus,19E19S130030  00170 0760,0.251,2024,07,7500,2024,11,11400,1.52,4
Brevard,29 3603-KL-1696-24,0.230,2024,01,28000,2024,05,42500,1.52,4
Citrus,18E20S130020  01910 0170,0.275,2025,05,16500,2025,06,24900,1.51,1
Citrus,18E20S130020  01510 0110,0.276,2024,01,20000,2025,03,30000,1.50,14
Citrus,18E17S100210  14390 0070,0.343,2024,12,18000,2025,02,27000,1.50,2
Charlotte,412013203010,0.183,2024,07,26700,2025,02,40000,1.50,7
Citrus,18E17S100210  14190 0080,0.276,2025,03,11000,2025,04,16400,1.49,1
Brevard,29 3720-GQ-848-1,0.240,2024,03,37000,2024,06,55000,1.49,3
Charlotte,402217104008,0.281,2025,02,21000,2025,03,31000,1.48,1
Charlotte,412132282012,0.181,2024,10,17000,2025,03,25000,1.47,5
Citrus,18E17S100210  15060 0130,0.230,2024,04,8500,2024,06,12500,1.47,2
Citrus,18E17S100200  12990 0300,0.350,2024,11,16000,2024,12,23500,1.47,1
Citrus,18E17S100210  14230 0090,0.310,2024,07,15000,2024,09,22000,1.47,2
Brevard,29 3602-GI-1051-6,0.230,2024,02,29000,2025,03,42500,1.47,13
Charlotte,412117102005,0.172,2024,12,22500,2025,06,32900,1.46,6
Brevard,29 3623-KS-2619-19,0.240,2025,02,24000,2025,05,35000,1.46,3
Charlotte,422302380016,0.441,2024,03,24000,2024,05,35000,1.46,2
Bay,00047031000,3.550,2025,05,18000,2025,06,26000,1.44,1
Citrus,18E19S29      42000 0120,2.282,2024,12,45200,2025,02,65000,1.44,2
Citrus,18E17S100210  14120 0100,0.279,2025,01,16000,2025,02,23000,1.44,1
Citrus,18E20S130010  00640 0140,0.285,2024,06,19900,2025,03,28500,1.43,9
Bradford,01997000200,3.330,2024,11,49000,2025,05,70000,1.43,6
Bay,00391010000,10.000,2024,06,40000,2024,07,57000,1.43,1
Charlotte,402205330008,0.230,2024,05,16500,2024,12,23500,1.42,7
Citrus,18E17S100270  13910 0210,0.244,2024,07,14000,2024,10,19900,1.42,3
Citrus,18E20S130010  00560 0160,0.275,2024,04,19000,2025,04,27000,1.42,12
Brevard,29 3716-GP-750-11,0.230,2024,08,35000,2024,10,49500,1.41,2
Brevard,29 3732-GV-1325-14,0.260,2024,02,42500,2024,11,60000,1.41,9
Citrus,18E17S100270  14930 0010,0.300,2025,02,17000,2025,04,24000,1.41,2
Brevard,29 3705-GJ-314-24,0.380,2024,01,60000,2025,01,84500,1.41,12
Brevard,23 3521-JX-198-5,0.230,2024,04,40000,2025,04,56000,1.40,12
Brevard,29 3716-GR-929-22,0.230,2024,02,35000,2024,04,49000,1.40,2
Charlotte,412106354007,0.230,2024,11,40000,2024,12,56000,1.40,1
Charlotte,412133253006,0.172,2024,04,30000,2025,04,42000,1.40,12
Charlotte,422104478015,0.181,2024,07,10000,2025,02,14000,1.40,7
Charlotte,412117156006,0.227,2025,02,20000,2025,03,27900,1.40,1
Charlotte,412015203005,0.172,2024,03,21500,2024,04,29900,1.39,1
Bay,03946315000,0.785,2024,09,27000,2025,02,37500,1.39,5
Citrus,18E17S100270  13570 0200,0.230,2024,07,18000,2025,05,25000,1.39,10
Citrus,18E17S100010  00270 0140,0.260,2024,10,18000,2024,11,25000,1.39,1
Brevard,28 3634-25-1841-3,0.240,2024,04,33000,2024,10,45800,1.39,6
Charlotte,412117129005,0.172,2024,05,23000,2024,07,31900,1.39,2
Charlotte,412011230015,0.230,2024,07,19500,2024,08,27000,1.38,1
Citrus,18E17S100060  06020 0070,0.230,2024,10,18000,2024,11,24900,1.38,1
Charlotte,412010310004,0.230,2024,01,22000,2024,04,30400,1.38,3
Brevard,29 3728-GS-881-1,0.240,2024,10,38000,2024,11,52500,1.38,1
Citrus,18E20S130010  00260 0020,0.276,2024,11,20000,2025,04,27600,1.38,5
Brevard,29 3732-GU-1213-2,0.230,2024,01,43500,2024,11,60000,1.38,10
Citrus,19E18S270020        1087,0.486,2024,08,14500,2024,10,20000,1.38,2
Calhoun,322N11070000100100,0.744,2024,08,3700,2024,11,5100,1.38,3
Charlotte,412301227007,1.250,2024,03,80000,2025,03,110000,1.38,12
Charlotte,412117303006,0.212,2024,03,20000,2024,05,27500,1.38,2
Brevard,29 3730-GV-1344-8,0.270,2024,12,29100,2025,01,40000,1.37,1
Brevard,29 3721-GR-966-16,0.230,2024,03,30000,2024,09,41100,1.37,6
Charlotte,412303283013,0.230,2024,06,7300,2024,11,10000,1.37,5
Brevard,29 3732-GT-1112-20,0.230,2024,03,28200,2024,05,38500,1.37,2
Brevard,29 3729-KQ-2047-7,0.230,2024,05,37600,2024,08,51200,1.36,3
Brevard,29 3626-KS-2567-8,0.230,2024,05,35000,2025,02,47500,1.36,9
Charlotte,412003226006,0.230,2024,08,28000,2024,09,38000,1.36,1
Citrus,19E18S180110  00480 0020,1.138,2025,01,28000,2025,04,38000,1.36,3
Citrus,18E20S130010  00040 0090,0.276,2024,06,20000,2025,05,27100,1.35,11
Citrus,18E20S130010  01340 0030,0.275,2024,07,25000,2025,03,33800,1.35,8
Charlotte,412012101017,0.230,2025,05,18500,2025,06,25000,1.35,1
Charlotte,412107101007,0.230,2024,03,18500,2024,12,25000,1.35,9
Bradford,05555A01200,0.000,2024,05,26000,2024,10,35000,1.35,5
Brevard,29 3636-KJ-1410-12,0.230,2024,03,26500,2024,04,35500,1.34,1
Charlotte,412312226005,1.250,2024,01,43900,2024,08,58800,1.34,7
Brevard,29 3611-KH-1653-34,0.230,2024,05,32500,2024,06,43500,1.34,1
Charlotte,402210477022,0.230,2024,04,22500,2024,09,30000,1.33,5
Charlotte,402210203005,0.230,2024,03,18000,2024,05,24000,1.33,2
Citrus,18E17S320030  03070 0020,1.520,2024,03,69900,2024,05,93000,1.33,2
Charlotte,412117106027,0.188,2024,03,21000,2024,04,27900,1.33,1
Citrus,18E17S320030  03410 0040,1.004,2024,01,40000,2024,09,53000,1.32,8
Charlotte,412001404024,0.230,2024,07,37900,2024,10,50000,1.32,3
Citrus,18E20S130020  02020 0180,0.364,2024,03,22000,2024,06,29000,1.32,3
Citrus,18E17S100030  02500 0110,0.513,2024,06,33000,2025,04,43500,1.32,10
Citrus,17E18S360050        0210,0.358,2024,05,19000,2025,05,25000,1.32,12
Citrus,18E17S100010  00750 0050,0.311,2024,02,21000,2025,05,27500,1.31,15
Charlotte,412129351005,0.241,2024,03,14000,2024,04,18200,1.30,1
Bay,04102300640,0.228,2024,07,289000,2024,10,375000,1.30,3
Brevard,29 3625-KJ-1362-21,0.230,2024,02,27000,2024,03,35000,1.30,1
Brevard,30 3804-79-*-98,1.140,2024,11,85000,2025,02,110000,1.29,3
Brevard,29 3636-KJ-1395-25,0.230,2024,01,33000,2025,03,42500,1.29,14
Charlotte,412022203002,0.230,2024,03,35000,2024,09,45000,1.29,6
Citrus,18E20S30      3B000 0050,1.082,2024,07,23000,2024,12,29500,1.28,5
Citrus,18E17S100230  17430 0160,0.319,2025,03,17500,2025,04,22400,1.28,1
Charlotte,412313202011,2.500,2024,01,78500,2024,10,100000,1.27,9
Citrus,18E20S130010  00360 0100,0.275,2024,11,25000,2025,05,31800,1.27,6
Charlotte,402217102016,0.230,2024,08,18500,2024,10,23500,1.27,2
Charlotte,402103282012,0.230,2024,02,26000,2024,03,33000,1.27,1
Citrus,17E19S25      4D000 00E0,1.159,2024,03,53000,2025,05,67000,1.26,14
Charlotte,412003432002,0.240,2024,02,33000,2024,03,41500,1.26,1
Brevard,29 3703-26-1988-8,0.620,2024,01,110000,2025,02,138000,1.25,13
Brevard,29 3624-KK-1592-18,0.230,2025,01,38000,2025,02,47500,1.25,1
Charlotte,412010107011,0.238,2024,07,20000,2024,08,25000,1.25,1
Citrus,18E20S130010  00290 0030,0.274,2025,03,20000,2025,05,25000,1.25,2
Citrus,18E17S100210  14340 0120,0.284,2024,10,21000,2024,12,26100,1.24,2
Charlotte,422236477011,0.220,2024,06,27000,2024,08,33500,1.24,2
Calhoun,133S10013000003900,10.400,2024,05,50000,2024,10,62000,1.24,5
Charlotte,412333386002,0.184,2024,07,10500,2024,09,13000,1.24,2
Charlotte,402105181024,0.229,2024,06,10500,2025,03,13000,1.24,9
Brevard,28 3633-01-1887-11,0.230,2024,04,32000,2024,06,39500,1.23,2
Brevard,29 3613-KK-1574-13,0.260,2024,03,32000,2024,06,39500,1.23,3
Charlotte,422310280004,0.209,2024,04,15000,2024,12,18500,1.23,8
Brevard,29 3729-GS-888-21,0.230,2024,01,32500,2024,06,40000,1.23,5
Brevard,29 3635-KS-2537-20,0.230,2024,05,22000,2024,12,27000,1.23,7
Citrus,18E20S130020  02460 0300,0.276,2025,01,31000,2025,04,38000,1.23,3
Citrus,18E20S130010  00500 0210,0.303,2024,07,18000,2025,04,22000,1.22,9
Brevard,29 3601-25-1089-7,0.240,2024,09,32000,2025,03,39000,1.22,6
Citrus,18E20S130020  02220 0170,0.275,2024,03,23000,2024,06,28000,1.22,3
Brevard,29 3611-KH-1649-13,0.230,2024,06,33000,2024,12,40000,1.21,6
Brevard,29 3721-GR-972-5,0.230,2024,05,33000,2024,06,40000,1.21,1
Alachua,05900-160-144,0.370,2024,02,46300,2025,01,56000,1.21,11
Citrus,18E17S110020        0010,1.174,2024,06,43000,2025,01,52000,1.21,7
Brevard,28 3731-FR-204-9,0.230,2024,05,58000,2024,06,70000,1.21,1
Citrus,18E17S100200  13410 0050,0.230,2024,04,17000,2024,05,20500,1.21,1
Bay,03946467000,0.000,2024,02,33600,2024,06,40500,1.21,4
Charlotte,412015153028,0.172,2025,03,19000,2025,05,22900,1.21,2
Bay,30808278000,0.137,2024,02,175000,2024,09,210000,1.20,7
Brevard,23 3514-JZ-278-2,0.240,2024,09,25000,2025,01,30000,1.20,4
Charlotte,402224111007,0.241,2024,03,25000,2024,04,30000,1.20,1
Citrus,18E17S320030  03120 0060,2.431,2024,10,75000,2025,04,89900,1.20,6
Citrus,18E20S130010  00440 0060,0.275,2025,02,30000,2025,06,35800,1.19,4
Bay,36883050001,0.133,2024,04,260000,2025,06,310000,1.19,14
Citrus,18E20S130020  02240 0140,0.364,2025,03,26000,2025,04,31000,1.19,1
Charlotte,422329401001,0.263,2024,12,42000,2025,02,50000,1.19,2
Citrus,18E17S100010  00400 0490,0.321,2024,08,21000,2024,10,25000,1.19,2
Citrus,18E17S320020  01890 0010,3.794,2025,01,134500,2025,05,160000,1.19,4
Charlotte,412313252008,1.250,2024,01,43900,2024,08,52000,1.18,7
Citrus,18E20S130010  00520 0110,0.310,2024,12,22000,2025,02,26000,1.18,2
Brevard,29 3730-GV-1327-16,0.260,2024,02,31000,2024,04,36500,1.18,2
Brevard,28 3636-EX-665-17,0.260,2024,09,66000,2024,10,77500,1.17,1
Brevard,29 3707-GN-521-15,0.240,2024,01,46000,2024,12,54000,1.17,11
Charlotte,412132429014,0.369,2024,02,23000,2024,03,27000,1.17,1
Brevard,28 3623-KR-2448-2,0.240,2024,07,48500,2024,09,56900,1.17,2
Brevard,29 3601-25-1095-3,0.230,2024,04,36000,2024,09,42100,1.17,5
Brevard,29 3603-KL-1730-18,0.230,2024,03,30000,2025,04,35000,1.17,13
Charlotte,412118206003,0.187,2024,03,21000,2024,07,24500,1.17,4
Charlotte,412002457001,0.940,2024,01,210000,2024,05,245000,1.17,4
Citrus,17E19S36      4B000 0280,0.338,2024,03,15000,2025,05,17500,1.17,14
Brevard,28 3627-KN-1784-5,0.290,2024,05,40000,2024,06,46500,1.16,1
Bay,30808125000,0.132,2024,10,186000,2025,04,216000,1.16,6
Charlotte,412333451010,0.184,2024,02,12500,2024,11,14500,1.16,9
Brevard,29 3635-KS-2554-17,0.270,2025,03,28500,2025,04,33000,1.16,1
Charlotte,412015101008,0.172,2024,04,22500,2024,05,26000,1.16,1
Broward,494229230910,0.080,2024,04,65000,2025,02,75000,1.15,10
Brevard,29 3732-GU-1198-9,0.230,2024,03,33000,2024,11,38000,1.15,8
Charlotte,412025352015,0.202,2024,04,33000,2025,01,38000,1.15,9
Citrus,18E17S320060  02480 0190,1.062,2024,03,48000,2024,04,55000,1.15,1
Citrus,18E20S130020  02320 0230,0.359,2024,05,25500,2024,09,29200,1.15,4
Citrus,18E17S100050  05250 0110,0.287,2024,06,20000,2024,11,22900,1.15,5
Citrus,18E18S160040        0130,0.237,2024,03,21000,2024,10,24000,1.14,7
Bradford,00528A02400,10.010,2024,05,124900,2024,12,142500,1.14,7
Brevard,29 3732-GT-1122-15,0.240,2024,04,33500,2024,11,38000,1.13,7
Brevard,29 3613-KK-1579-15,0.230,2024,04,34000,2024,07,38500,1.13,3
Brevard,29 3612-KH-1660-5,0.230,2024,06,40000,2024,10,45100,1.13,4
Charlotte,412015402006,0.494,2024,06,40000,2024,11,45000,1.13,5
Citrus,18E17S320030  00610 0250,1.048,2024,12,58000,2025,02,65000,1.12,2
Charlotte,412011279002,0.230,2024,07,19500,2024,08,21800,1.12,1
Brevard,29 3728-KQ-2031-18,0.430,2024,04,85000,2024,11,95000,1.12,7
Charlotte,412333455023,0.184,2024,06,13000,2025,03,14500,1.12,9
Brevard,28 3626-KR-2524-7,0.270,2024,04,48000,2024,06,53500,1.11,2
Brevard,29 3612-KH-1658-15,0.280,2024,01,35000,2024,12,39000,1.11,11
Citrus,18E17S320030  03330 0130,1.004,2025,02,62000,2025,04,69000,1.11,2
Brevard,29 3732-GU-1185-13,0.280,2024,11,36000,2025,01,40000,1.11,2
Brevard,22 3535-01-*-159,0.220,2024,03,240400,2025,05,266000,1.11,14
Broward,494222093253,0.186,2024,08,230000,2025,03,254400,1.11,7
Brevard,23 3528-01-12-17,1.380,2024,04,14500,2025,01,16000,1.10,9
Brevard,29 3733-KQ-2061-17,0.230,2024,08,39000,2025,03,43000,1.10,7
Citrus,18E17S320030  02990 0060,1.077,2024,01,50000,2024,02,55000,1.10,1
Bay,31424554000,0.000,2024,02,260000,2025,05,285000,1.10,15
Charlotte,402326476002,0.115,2024,09,11900,2025,04,13000,1.09,7
Citrus,18E17S320010  01390 0250,1.291,2024,08,72500,2025,03,79100,1.09,7
Bay,08415005121,0.580,2024,02,33000,2024,06,36000,1.09,4
Bay,26471100072,0.000,2025,02,55000,2025,04,60000,1.09,2
Citrus,18E17S320030  02920 0020,1.170,2024,08,55000,2024,09,60000,1.09,1
Citrus,18E19S29      2C0D0 0020,1.570,2025,01,37000,2025,05,40000,1.08,4
Bay,30808124000,0.132,2025,01,200000,2025,04,216000,1.08,3
Citrus,18E19S280030  000L0 0131,1.237,2024,02,44000,2025,04,47000,1.07,14
Citrus,18E17S320020  02060 0010,4.086,2024,01,150000,2025,04,160000,1.07,15
Charlotte,412010456007,0.230,2024,02,23000,2025,04,24500,1.07,14
Bay,06716136010,0.713,2024,02,50000,2024,07,53200,1.06,5
Brevard,29 3625-KJ-1417-16,0.230,2024,02,33000,2025,04,35000,1.06,14
Brevard,29 3720-GQ-855-9,0.230,2024,05,36000,2024,11,38000,1.06,6
Citrus,18E20S130010  01000 0070,0.278,2024,06,24000,2024,07,25300,1.05,1
Brevard,29 3728-KQ-2037-1.01,0.230,2024,08,46500,2024,10,49000,1.05,2
Bradford,06001001000,0.000,2024,09,23100,2024,12,24300,1.05,3
Brevard,30 3815-01-26-15,0.090,2024,06,65000,2024,10,68000,1.05,4
Citrus,18E17S320030  03370 0010,1.117,2024,12,65000,2025,06,68000,1.05,6
Alachua,00256-002-004,3.370,2024,04,115000,2024,09,120200,1.05,5
Alachua,00512-001-000,0.390,2024,01,45000,2024,06,47000,1.04,5
Brevard,29 3623-KS-2600-21,0.460,2024,07,55000,2024,09,57000,1.04,2
Citrus,18E17S320030  00140 0070,1.062,2024,05,63500,2024,07,65400,1.03,2
Citrus,18E17S320030  00370 0010,1.147,2024,06,63500,2024,08,65100,1.03,2
Bay,11348404000,2.155,2024,02,635000,2025,01,650000,1.02,11
Charlotte,422329333005,0.269,2024,03,45000,2025,05,46000,1.02,14
Brevard,28 3624-KR-2465-5,0.240,2024,05,47700,2024,06,48000,1.01,1
Alachua,04227-100-009,3.010,2024,02,294500,2024,11,294500,1.00,9
Alachua,04346-102-086,0.220,2024,08,137000,2024,10,137000,1.00,2
Bay,32611919000,0.000,2024,07,175000,2025,04,175000,1.00,9
Bay,14612000000,0.436,2024,07,30000,2024,08,30000,1.00,1
Brevard,26 3622-YO-D-3,0.250,2024,08,160000,2024,09,160000,1.00,1
Charlotte,422311130026,0.165,2024,04,15000,2025,01,15000,1.00,9
Citrus,17E19S130010  000B0 0110,0.541,2024,03,16500,2024,10,16500,1.00,7
Charlotte,402309204011,0.649,2024,12,55000,2025,06,54500,0.99,6
Bay,07899586000,0.573,2024,02,92000,2025,03,89000,0.97,13
Charlotte,412301252014,1.250,2024,03,83000,2025,03,80000,0.96,12
Brevard,29 3716-GP-752-18,0.230,2024,04,49000,2024,10,47000,0.96,6
Charlotte,412132461002,0.542,2024,03,58000,2024,12,54500,0.94,9
Charlotte,402334429001,0.175,2024,03,16000,2024,08,15000,0.94,5
Charlotte,412303132002,0.203,2024,04,11900,2025,01,11000,0.92,9
Citrus,18E17S100200  13410 0130,0.285,2024,04,16500,2024,10,15000,0.91,6
Citrus,18E17S100060  05580 0100,0.230,2024,08,17900,2024,11,16000,0.89,3
Alachua,19963-028-000,3.320,2024,09,80000,2024,11,70000,0.88,2
Broward,504217010012,0.225,2024,01,305000,2024,12,260000,0.85,11
Alachua,19861-001-003,7.710,2024,07,95000,2024,08,80000,0.84,1
Broward,484330373900,0.010,2024,03,175800,2025,04,137500,0.78,13
Brevard,28 3626-KR-2505-20,0.230,2024,08,52000,2024,09,40000,0.77,1
Bay,16288010000,0.188,2024,03,12000,2024,05,9000,0.75,2
Citrus,18E17S100210  14290 0070,0.501,2024,06,36000,2024,07,25000,0.69,1
Bay,35252010000,0.575,2024,05,700000,2024,10,400000,0.57,5
Bay,08198010000,0.384,2025,02,65000,2025,05,30000,0.46,3
Brevard,23 3630-BI-V.5-2,0.160,2024,06,59000,2024,12,14000,0.24,6
