eyalet,county,bant,satis_adedi,medyan_fiyat,medyan_usd_donum
FL,Lee,0-0,25 ac,6569,30000,126511
FL,Lee,0,25-0,5 ac,3650,27000,87962
FL,Sumter,0-0,25 ac,2353,401700,2971450
FL,Marion,0-0,25 ac,2291,25000,106244
FL,Charlotte,0-0,25 ac,2176,21000,98010
FL,Brevard,0-0,25 ac,1670,38000,165214
FL,Marion,0,25-0,5 ac,1507,30000,92993
FL,Marion,0,5-1,5 ac,1427,35500,38362
FL,Citrus,0,25-0,5 ac,1334,19500,63055
FL,Citrus,0-0,25 ac,1302,15500,69696
FL,Lee,0,5-1,5 ac,1280,27000,51990
FL,Highlands,0-0,25 ac,1156,13200,58982
FL,Citrus,0,5-1,5 ac,880,32000,35879
FL,Highlands,0,25-0,5 ac,830,16000,52087
FL,Hernando,0,25-0,5 ac,569,36000,82399
FL,Charlotte,0,25-0,5 ac,555,32500,94023
FL,Levy,0,5-1,5 ac,508,20000,19022
FL,Hernando,0,5-1,5 ac,482,38350,45163
FL,Brevard,0,25-0,5 ac,476,44000,147063
FL,Highlands,0,5-1,5 ac,415,26000,30662
FL,Okeechobee,0,5-1,5 ac,399,22500,18000
FL,Bay,0-0,25 ac,317,119000,647941
FL,Hernando,0-0,25 ac,306,50000,226512
FL,Marion,5+ ac,304,320000,26085
FL,Marion,1,5-5 ac,295,98000,38065
FL,Brevard,0,5-1,5 ac,277,62500,64286
FL,Alachua,0-0,25 ac,250,317700,2116528
FL,Citrus,1,5-5 ac,245,77500,29001
FL,Putnam,0-0,25 ac,239,5500,25001
FL,Levy,0-0,25 ac,233,7300,33337
FL,Bay,0,5-1,5 ac,202,55000,75632
FL,Levy,1,5-5 ac,162,56500,16000
FL,Wakulla,0-0,25 ac,161,15000,128952
FL,Levy,5+ ac,157,172000,10625
FL,Sumter,0,25-0,5 ac,143,655200,2272902
FL,Charlotte,0,5-1,5 ac,140,64500,77265
FL,Bay,0,25-0,5 ac,140,55000,180717
FL,Putnam,0,5-1,5 ac,135,16600,17308
FL,Brevard,1,5-5 ac,133,145000,52569
FL,Putnam,0,25-0,5 ac,129,8000,20714
FL,Dixie,1,5-5 ac,122,37000,11299
FL,Highlands,5+ ac,122,180000,17328
FL,Levy,0,25-0,5 ac,118,15000,37645
FL,Lee,1,5-5 ac,116,325000,117236
FL,Hernando,1,5-5 ac,115,110000,40823
FL,Okeechobee,0,25-0,5 ac,108,30000,89767
FL,Holmes,5+ ac,103,120000,3849
FL,Alachua,5+ ac,102,165000,15485
FL,Bay,1,5-5 ac,99,65000,26151
FL,Okeechobee,1,5-5 ac,98,55000,21540
FL,Gulf,0,5-1,5 ac,94,50000,71921
FL,Madison,5+ ac,91,90000,5941
FL,Gulf,0-0,25 ac,89,107500,943142
FL,Citrus,5+ ac,88,190250,19522
FL,Gulf,0,25-0,5 ac,87,155000,517891
FL,Franklin,0,5-1,5 ac,86,56500,53699
FL,Hardee,5+ ac,82,212000,15000
FL,Sumter,5+ ac,82,275000,25843
FL,Taylor,0,5-1,5 ac,82,50000,49764
FL,Lee,5+ ac,78,400000,50708
FL,Bay,5+ ac,73,95000,6250
FL,Nassau,0,5-1,5 ac,73,120000,132928
FL,Alachua,0,5-1,5 ac,72,77500,90184
FL,Charlotte,1,5-5 ac,71,120000,41600
FL,Gilchrist,5+ ac,71,130000,9945
FL,Alachua,1,5-5 ac,71,145000,36500
FL,Sumter,0,5-1,5 ac,70,75000,83366
FL,Highlands,1,5-5 ac,66,82500,23964
FL,Gilchrist,0,5-1,5 ac,61,25000,30000
FL,Hardee,0-0,25 ac,59,50000,980198
FL,Nassau,0-0,25 ac,58,202500,1712337
FL,Alachua,0,25-0,5 ac,56,52000,122877
FL,Dixie,0-0,25 ac,56,63500,396302
FL,Sumter,1,5-5 ac,54,142500,41547
FL,Taylor,0-0,25 ac,53,107000,580800
FL,Franklin,0-0,25 ac,52,40000,211874
FL,Okeechobee,0-0,25 ac,52,25000,119560
FL,Hamilton,5+ ac,51,75000,7813
FL,Gilchrist,1,5-5 ac,50,59950,16000
FL,Wakulla,0,25-0,5 ac,48,28000,79000
FL,Dixie,5+ ac,46,104500,10577
FL,Wakulla,0,5-1,5 ac,46,38500,43803
FL,Wakulla,5+ ac,46,150000,9239
FL,Bradford,5+ ac,45,107143,8768
FL,Taylor,5+ ac,45,83000,4229
FL,Dixie,0,5-1,5 ac,44,26850,27507
FL,Putnam,1,5-5 ac,44,33500,11759
FL,Hernando,5+ ac,43,300000,29061
FL,Hamilton,1,5-5 ac,42,25500,9222
FL,Bradford,1,5-5 ac,42,50000,14963
FL,Nassau,5+ ac,42,172750,16013
FL,Hardee,1,5-5 ac,40,102500,24024
FL,Glades,0-0,25 ac,39,23000,120311
FL,Gulf,1,5-5 ac,39,55000,17699
FL,Wakulla,1,5-5 ac,39,70000,18405
FL,Taylor,1,5-5 ac,38,43000,14576
FL,Union,5+ ac,38,109900,7741
FL,Nassau,1,5-5 ac,37,125000,42793
FL,Glades,0,25-0,5 ac,36,24000,85965
FL,Brevard,5+ ac,35,585000,52340
FL,Taylor,0,25-0,5 ac,33,78000,243049
FL,Hamilton,0,5-1,5 ac,32,11750,9430
FL,Jefferson,5+ ac,31,111000,7863
FL,Franklin,0,25-0,5 ac,30,80000,208139
FL,Madison,1,5-5 ac,30,30250,9508
FL,Okeechobee,5+ ac,30,282000,20500
FL,Holmes,1,5-5 ac,29,35000,10086
FL,Calhoun,5+ ac,28,72750,5436
FL,Charlotte,5+ ac,27,289200,25912
FL,Dixie,0,25-0,5 ac,27,12500,38974
FL,Holmes,0,5-1,5 ac,26,15000,19534
FL,Gilchrist,0,25-0,5 ac,25,34000,91670
FL,Putnam,5+ ac,25,85000,7143
FL,Nassau,0,25-0,5 ac,24,223300,615900
FL,Bradford,0,5-1,5 ac,21,21500,33593
FL,Liberty,5+ ac,21,90000,6800
FL,Franklin,1,5-5 ac,20,123250,58787
FL,Lafayette,5+ ac,20,105400,7548
FL,Hardee,0,25-0,5 ac,19,175000,358430
FL,Madison,0,5-1,5 ac,19,12000,12410
FL,Glades,0,5-1,5 ac,16,39500,43690
FL,Hardee,0,5-1,5 ac,16,42500,40777
FL,Gulf,5+ ac,15,93000,7203
FL,Lafayette,0,5-1,5 ac,15,20000,19608
FL,Lafayette,1,5-5 ac,13,24000,8451
FL,Franklin,5+ ac,12,137500,9550
FL,Gilchrist,0-0,25 ac,11,22500,107150
FL,Glades,5+ ac,11,265000,21250
FL,Baker,1,5-5 ac,11,140000,32000
FL,Bradford,0,25-0,5 ac,11,16500,35107
FL,Holmes,0-0,25 ac,11,4500,20455
FL,Jefferson,1,5-5 ac,11,44000,15000
FL,Baker,5+ ac,10,135000,15647
FL,Union,1,5-5 ac,10,42900,14424
FL,Glades,1,5-5 ac,9,70000,28436
FL,Calhoun,1,5-5 ac,9,28000,8977
FL,Liberty,0,5-1,5 ac,9,16000,16500
FL,Madison,0,25-0,5 ac,8,19500,60081
